,Interacting Gene/Enzyme,Allele name,Genotype(s),Defining Change(s),Type(s),Description,Details
0,Glucose-6-phosphate 1-dehydrogenase,Villeurbanne,Not Available,1000_1002delACC,ADR Inferred,Increased risk of hemolytic anemia.,Details
1,Glucose-6-phosphate 1-dehydrogenase,Torun,Not Available,1006A->G,ADR Inferred,Increased risk of hemolytic anemia.,Details
2,Glucose-6-phosphate 1-dehydrogenase,Sunderland,Not Available,105_107delCAT,ADR Inferred,Increased risk of hemolytic anemia.,Details
3,Glucose-6-phosphate 1-dehydrogenase,Iwatsuki,Not Available,1081G->A,ADR Inferred,Increased risk of hemolytic anemia.,Details
4,Glucose-6-phosphate 1-dehydrogenase,Serres,Not Available,1082C->T,ADR Inferred,Increased risk of hemolytic anemia.,Details
5,Glucose-6-phosphate 1-dehydrogenase,Tondela,Not Available,1084_1101delCTGAACGAGCGCAAGGCC,ADR Inferred,Increased risk of hemolytic anemia.,Details
6,Glucose-6-phosphate 1-dehydrogenase,Loma Linda,Not Available,1089C->A,ADR Inferred,Increased risk of hemolytic anemia.,Details
7,Glucose-6-phosphate 1-dehydrogenase,Aachen,Not Available,1089C->G,ADR Inferred,Increased risk of hemolytic anemia.,Details
8,Glucose-6-phosphate 1-dehydrogenase,Tenri,Not Available,1096A->G,ADR Inferred,Increased risk of hemolytic anemia.,Details
9,Glucose-6-phosphate 1-dehydrogenase,Montpellier,Not Available,1132G>A,ADR Inferred,Increased risk of hemolytic anemia.,Details
10,Glucose-6-phosphate 1-dehydrogenase,Calvo Mackenna,Not Available,1138A->G,ADR Inferred,Increased risk of hemolytic anemia.,Details
11,Glucose-6-phosphate 1-dehydrogenase,Riley,Not Available,1139T->C,ADR Inferred,Increased risk of hemolytic anemia.,Details
12,Glucose-6-phosphate 1-dehydrogenase,Olomouc,Not Available,1141T->C,ADR Inferred,Increased risk of hemolytic anemia.,Details
13,Glucose-6-phosphate 1-dehydrogenase,Tomah,Not Available,1153T->C,ADR Inferred,Increased risk of hemolytic anemia.,Details
14,Glucose-6-phosphate 1-dehydrogenase,Lynwood,Not Available,1154G->T,ADR Inferred,Increased risk of hemolytic anemia.,Details
15,Glucose-6-phosphate 1-dehydrogenase,Madrid,Not Available,1155C->G,ADR Inferred,Increased risk of hemolytic anemia.,Details
16,Glucose-6-phosphate 1-dehydrogenase,"Iowa, Walter Reed, Springfield",Not Available,1156A->G,ADR Inferred,Increased risk of hemolytic anemia.,Details
17,Glucose-6-phosphate 1-dehydrogenase,"Beverly Hills, Genova, Iwate, Niigata, Yamaguchi",Not Available,1160G->A,ADR Inferred,Increased risk of hemolytic anemia.,Details
18,Glucose-6-phosphate 1-dehydrogenase,Hartford,Not Available,1162A->G,ADR Inferred,Increased risk of hemolytic anemia.,Details
19,Glucose-6-phosphate 1-dehydrogenase,Praha,Not Available,1166A->G,ADR Inferred,Increased risk of hemolytic anemia.,Details
20,Glucose-6-phosphate 1-dehydrogenase,Krakow,Not Available,1175T>C,ADR Inferred,Increased risk of hemolytic anemia.,Details
21,Glucose-6-phosphate 1-dehydrogenase,Wisconsin,Not Available,1177C->G,ADR Inferred,Increased risk of hemolytic anemia.,Details
22,Glucose-6-phosphate 1-dehydrogenase,"Nashville, Anaheim, Portici",Not Available,1178G->A,ADR Inferred,Increased risk of hemolytic anemia.,Details
23,Glucose-6-phosphate 1-dehydrogenase,Alhambra,Not Available,1180G->C,ADR Inferred,Increased risk of hemolytic anemia.,Details
24,Glucose-6-phosphate 1-dehydrogenase,Bari,Not Available,1187C->T,ADR Inferred,Increased risk of hemolytic anemia.,Details
25,Glucose-6-phosphate 1-dehydrogenase,Puerto Limon,Not Available,1192G->A,ADR Inferred,Increased risk of hemolytic anemia.,Details
26,Glucose-6-phosphate 1-dehydrogenase,Covao do Lobo,Not Available,1205C>A,ADR Inferred,Increased risk of hemolytic anemia.,Details
27,Glucose-6-phosphate 1-dehydrogenase,Clinic,Not Available,1215G->A,ADR Inferred,Increased risk of hemolytic anemia.,Details
28,Glucose-6-phosphate 1-dehydrogenase,Utrecht,Not Available,1225C->T,ADR Inferred,Increased risk of hemolytic anemia.,Details
29,Glucose-6-phosphate 1-dehydrogenase,Suwalki,Not Available,1226C->G,ADR Inferred,Increased risk of hemolytic anemia.,Details
30,Glucose-6-phosphate 1-dehydrogenase,Riverside,Not Available,1228G->T,ADR Inferred,Increased risk of hemolytic anemia.,Details
31,Glucose-6-phosphate 1-dehydrogenase,"Japan, Shinagawa",Not Available,1229G->A,ADR Inferred,Increased risk of hemolytic anemia.,Details
32,Glucose-6-phosphate 1-dehydrogenase,Kawasaki,Not Available,1229G->C,ADR Inferred,Increased risk of hemolytic anemia.,Details
33,Glucose-6-phosphate 1-dehydrogenase,Munich,Not Available,1231A->G,ADR Inferred,Increased risk of hemolytic anemia.,Details
34,Glucose-6-phosphate 1-dehydrogenase,Georgia,Not Available,1284C->A,ADR Inferred,Increased risk of hemolytic anemia.,Details
35,Glucose-6-phosphate 1-dehydrogenase,Sumare,Not Available,1292T->G,ADR Inferred,Increased risk of hemolytic anemia.,Details
36,Glucose-6-phosphate 1-dehydrogenase,Telti/Kobe,Not Available,1318C->T,ADR Inferred,Increased risk of hemolytic anemia.,Details
37,Glucose-6-phosphate 1-dehydrogenase,"Santiago de Cuba, Morioka",Not Available,1339G->A,ADR Inferred,Increased risk of hemolytic anemia.,Details
38,Glucose-6-phosphate 1-dehydrogenase,Harima,Not Available,1358T->A,ADR Inferred,Increased risk of hemolytic anemia.,Details
39,Glucose-6-phosphate 1-dehydrogenase,Figuera da Foz,Not Available,1366G->C,ADR Inferred,Increased risk of hemolytic anemia.,Details
40,Glucose-6-phosphate 1-dehydrogenase,Amiens,Not Available,1367A>T,ADR Inferred,Increased risk of hemolytic anemia.,Details
41,Glucose-6-phosphate 1-dehydrogenase,Bangkok Noi,Not Available,"1376G->T, 1502T->G",ADR Inferred,Increased risk of hemolytic anemia.,Details
42,Glucose-6-phosphate 1-dehydrogenase,Fukaya,Not Available,1462G->A,ADR Inferred,Increased risk of hemolytic anemia.,Details
43,Glucose-6-phosphate 1-dehydrogenase,Campinas,Not Available,1463G->T,ADR Inferred,Increased risk of hemolytic anemia.,Details
44,Glucose-6-phosphate 1-dehydrogenase,Buenos Aires,Not Available,1465C>T,ADR Inferred,Increased risk of hemolytic anemia.,Details
45,Glucose-6-phosphate 1-dehydrogenase,Arakawa,Not Available,1466C->T,ADR Inferred,Increased risk of hemolytic anemia.,Details
46,Glucose-6-phosphate 1-dehydrogenase,Brighton,Not Available,1488_1490delGAA,ADR Inferred,Increased risk of hemolytic anemia.,Details
47,Glucose-6-phosphate 1-dehydrogenase,Kozukata,Not Available,159G->C,ADR Inferred,Increased risk of hemolytic anemia.,Details
48,Glucose-6-phosphate 1-dehydrogenase,Amsterdam,Not Available,180_182delTCT,ADR Inferred,Increased risk of hemolytic anemia.,Details
49,Glucose-6-phosphate 1-dehydrogenase,No name,Not Available,"202G->A, 376A->G, 1264C>G",ADR Inferred,Increased risk of hemolytic anemia.,Details
50,Glucose-6-phosphate 1-dehydrogenase,Swansea,Not Available,224T->C,ADR Inferred,Increased risk of hemolytic anemia.,Details
51,Glucose-6-phosphate 1-dehydrogenase,Urayasu,Not Available,281_283delAGA,ADR Inferred,Increased risk of hemolytic anemia.,Details
52,Glucose-6-phosphate 1-dehydrogenase,Vancouver,Not Available,317C->G544C->T592C->T,ADR Inferred,Increased risk of hemolytic anemia.,Details
53,Glucose-6-phosphate 1-dehydrogenase,Mt Sinai,Not Available,"376A->G, 1159C->T",ADR Inferred,Increased risk of hemolytic anemia.,Details
54,Glucose-6-phosphate 1-dehydrogenase,Plymouth,Not Available,488G->A,ADR Inferred,Increased risk of hemolytic anemia.,Details
55,Glucose-6-phosphate 1-dehydrogenase,Volendam,Not Available,514C->T,ADR Inferred,Increased risk of hemolytic anemia.,Details
56,Glucose-6-phosphate 1-dehydrogenase,Shinshu,Not Available,527A->G,ADR Inferred,Increased risk of hemolytic anemia.,Details
57,Glucose-6-phosphate 1-dehydrogenase,Chikugo,Not Available,535A->T,ADR Inferred,Increased risk of hemolytic anemia.,Details
58,Glucose-6-phosphate 1-dehydrogenase,Tsukui,Not Available,561_563delCTC,ADR Inferred,Increased risk of hemolytic anemia.,Details
59,Glucose-6-phosphate 1-dehydrogenase,Pedoplis-Ckaro,Not Available,573C>G,ADR Inferred,Increased risk of hemolytic anemia.,Details
60,Glucose-6-phosphate 1-dehydrogenase,Santiago,Not Available,593G->C,ADR Inferred,Increased risk of hemolytic anemia.,Details
61,Glucose-6-phosphate 1-dehydrogenase,"Minnesota, Marion, Gastonia, LeJeune",Not Available,637G->T,ADR Inferred,Increased risk of hemolytic anemia.,Details
62,Glucose-6-phosphate 1-dehydrogenase,Cincinnati,Not Available,"637G->T, 1037A->T",ADR Inferred,Increased risk of hemolytic anemia.,Details
63,Glucose-6-phosphate 1-dehydrogenase,Harilaou,Not Available,648T->G,ADR Inferred,Increased risk of hemolytic anemia.,Details
64,Glucose-6-phosphate 1-dehydrogenase,North Dallas,Not Available,683_685delACA,ADR Inferred,Increased risk of hemolytic anemia.,Details
65,Glucose-6-phosphate 1-dehydrogenase,Asahikawa,Not Available,695G->A,ADR Inferred,Increased risk of hemolytic anemia.,Details
66,Glucose-6-phosphate 1-dehydrogenase,Durham,Not Available,713A->G,ADR Inferred,Increased risk of hemolytic anemia.,Details
67,Glucose-6-phosphate 1-dehydrogenase,Stonybrook,Not Available,724_729delGGCACT,ADR Inferred,Increased risk of hemolytic anemia.,Details
68,Glucose-6-phosphate 1-dehydrogenase,Wayne,Not Available,769C->G,ADR Inferred,Increased risk of hemolytic anemia.,Details
69,Glucose-6-phosphate 1-dehydrogenase,Aveiro,Not Available,806G->A,ADR Inferred,Increased risk of hemolytic anemia.,Details
70,Glucose-6-phosphate 1-dehydrogenase,Cleveland Corum,Not Available,820G->A,ADR Inferred,Increased risk of hemolytic anemia.,Details
71,Glucose-6-phosphate 1-dehydrogenase,Lille,Not Available,821A>T,ADR Inferred,Increased risk of hemolytic anemia.,Details
72,Glucose-6-phosphate 1-dehydrogenase,Bangkok,Not Available,825G>C,ADR Inferred,Increased risk of hemolytic anemia.,Details
73,Glucose-6-phosphate 1-dehydrogenase,Sugao,Not Available,826C->T,ADR Inferred,Increased risk of hemolytic anemia.,Details
74,Glucose-6-phosphate 1-dehydrogenase,La Jolla,Not Available,832T->C,ADR Inferred,Increased risk of hemolytic anemia.,Details
75,Glucose-6-phosphate 1-dehydrogenase,Wexham,Not Available,833C->T,ADR Inferred,Increased risk of hemolytic anemia.,Details
76,Glucose-6-phosphate 1-dehydrogenase,Piotrkow,Not Available,851T>C,ADR Inferred,Increased risk of hemolytic anemia.,Details
77,Glucose-6-phosphate 1-dehydrogenase,West Virginia,Not Available,910G->T,ADR Inferred,Increased risk of hemolytic anemia.,Details
78,Glucose-6-phosphate 1-dehydrogenase,Omiya,Not Available,921G->C,ADR Inferred,Increased risk of hemolytic anemia.,Details
79,Glucose-6-phosphate 1-dehydrogenase,Nara,Not Available,953_976delCCACCAAAGGGTACCTGGAC GACC,ADR Inferred,Increased risk of hemolytic anemia.,Details
80,Glucose-6-phosphate 1-dehydrogenase,Manhattan,Not Available,962G->A,ADR Inferred,Increased risk of hemolytic anemia.,Details
81,Glucose-6-phosphate 1-dehydrogenase,Rehevot,Not Available,964T->C,ADR Inferred,Increased risk of hemolytic anemia.,Details
82,Glucose-6-phosphate 1-dehydrogenase,Honiara,Not Available,99A->G / 1360C->T,ADR Inferred,Increased risk of hemolytic anemia.,Details
83,Glucose-6-phosphate 1-dehydrogenase,"Tokyo, Fukushima",Not Available,1246G->A,ADR Inferred,Increased risk of hemolytic anemia.,Details
84,Glucose-6-phosphate 1-dehydrogenase,Chatham,Not Available,1003G->A,ADR Inferred,Increased risk of hemolytic anemia.,Details
85,Glucose-6-phosphate 1-dehydrogenase,Fushan,Not Available,1004C->A,ADR Inferred,Increased risk of hemolytic anemia.,Details
86,Glucose-6-phosphate 1-dehydrogenase,Partenope,Not Available,1052G->T,ADR Inferred,Increased risk of hemolytic anemia.,Details
87,Glucose-6-phosphate 1-dehydrogenase,Ierapetra,Not Available,1057C->T,ADR Inferred,Increased risk of hemolytic anemia.,Details
88,Glucose-6-phosphate 1-dehydrogenase,Anadia,Not Available,1193A->G,ADR Inferred,Increased risk of hemolytic anemia.,Details
89,Glucose-6-phosphate 1-dehydrogenase,Abeno,Not Available,1220A->C,ADR Inferred,Increased risk of hemolytic anemia.,Details
90,Glucose-6-phosphate 1-dehydrogenase,Surabaya,Not Available,1291G->A,ADR Inferred,Increased risk of hemolytic anemia.,Details
91,Glucose-6-phosphate 1-dehydrogenase,Pawnee,Not Available,1316G->C,ADR Inferred,Increased risk of hemolytic anemia.,Details
92,Glucose-6-phosphate 1-dehydrogenase,S. Antioco,Not Available,1342A->G,ADR Inferred,Increased risk of hemolytic anemia.,Details
93,Glucose-6-phosphate 1-dehydrogenase,Cassano,Not Available,1347G->C,ADR Inferred,Increased risk of hemolytic anemia.,Details
94,Glucose-6-phosphate 1-dehydrogenase,Hermoupolis,Not Available,1347G->C / 1360C->T,ADR Inferred,Increased risk of hemolytic anemia.,Details
95,Glucose-6-phosphate 1-dehydrogenase,"Union,Maewo, Chinese-2, Kalo",Not Available,1360C->T,ADR Inferred,Increased risk of hemolytic anemia.,Details
96,Glucose-6-phosphate 1-dehydrogenase,Andalus,Not Available,1361G->A,ADR Inferred,Increased risk of hemolytic anemia.,Details
97,Glucose-6-phosphate 1-dehydrogenase,Cosenza,Not Available,1376G->C,ADR Inferred,Increased risk of hemolytic anemia.,Details
98,Glucose-6-phosphate 1-dehydrogenase,"Canton, Taiwan- Hakka, Gifu-like, Agrigento-like",Not Available,1376G->T,ADR Inferred,Increased risk of hemolytic anemia.,Details
99,Glucose-6-phosphate 1-dehydrogenase,Flores,Not Available,1387C->A,ADR Inferred,Increased risk of hemolytic anemia.,Details
100,Glucose-6-phosphate 1-dehydrogenase,"Kaiping, Anant, Dhon, Sapporo-like, Wosera",Not Available,1388G->A,ADR Inferred,Increased risk of hemolytic anemia.,Details
101,Glucose-6-phosphate 1-dehydrogenase,Kamogawa,Not Available,169C->T,ADR Inferred,Increased risk of hemolytic anemia.,Details
102,Glucose-6-phosphate 1-dehydrogenase,Costanzo,Not Available,179T>C,ADR Inferred,Increased risk of hemolytic anemia.,Details
103,Glucose-6-phosphate 1-dehydrogenase,Amazonia,Not Available,185C->A,ADR Inferred,Increased risk of hemolytic anemia.,Details
104,Glucose-6-phosphate 1-dehydrogenase,Songklanagarind,Not Available,196T->A,ADR Inferred,Increased risk of hemolytic anemia.,Details
105,Glucose-6-phosphate 1-dehydrogenase,Hechi,Not Available,202G->A / 871G->A,ADR Inferred,Increased risk of hemolytic anemia.,Details
106,Glucose-6-phosphate 1-dehydrogenase,Namouru,Not Available,208T->C,ADR Inferred,Increased risk of hemolytic anemia.,Details
107,Glucose-6-phosphate 1-dehydrogenase,Bao Loc,Not Available,352T>C,ADR Inferred,Increased risk of hemolytic anemia.,Details
108,Glucose-6-phosphate 1-dehydrogenase,Crispim,Not Available,"375G->T, 379G->T383T->C384C>T",ADR Inferred,Increased risk of hemolytic anemia.,Details
109,Glucose-6-phosphate 1-dehydrogenase,Acrokorinthos,Not Available,376A->G / 463C->G,ADR Inferred,Increased risk of hemolytic anemia.,Details
110,Glucose-6-phosphate 1-dehydrogenase,Santa Maria,Not Available,376A->G / 542A->T,ADR Inferred,Increased risk of hemolytic anemia.,Details
111,Glucose-6-phosphate 1-dehydrogenase,Ananindeua,Not Available,376A->G / 871G->A,ADR Inferred,Increased risk of hemolytic anemia.,Details
112,Glucose-6-phosphate 1-dehydrogenase,Vanua Lava,Not Available,383T->C,ADR Inferred,Increased risk of hemolytic anemia.,Details
113,Glucose-6-phosphate 1-dehydrogenase,Valladolid,Not Available,406C->T,ADR Inferred,Increased risk of hemolytic anemia.,Details
114,Glucose-6-phosphate 1-dehydrogenase,Belem,Not Available,409C->T,ADR Inferred,Increased risk of hemolytic anemia.,Details
115,Glucose-6-phosphate 1-dehydrogenase,Liuzhou,Not Available,442G->A,ADR Inferred,Increased risk of hemolytic anemia.,Details
116,Glucose-6-phosphate 1-dehydrogenase,Shenzen,Not Available,473G>A,ADR Inferred,Increased risk of hemolytic anemia.,Details
117,Glucose-6-phosphate 1-dehydrogenase,Taipei ‚ÄúChinese- 3‚Äù,Not Available,493A->G,ADR Inferred,Increased risk of hemolytic anemia.,Details
118,Glucose-6-phosphate 1-dehydrogenase,Toledo,Not Available,496C>T,ADR Inferred,Increased risk of hemolytic anemia.,Details
119,Glucose-6-phosphate 1-dehydrogenase,Naone,Not Available,497G->A,ADR Inferred,Increased risk of hemolytic anemia.,Details
120,Glucose-6-phosphate 1-dehydrogenase,Nankang,Not Available,517T->C,ADR Inferred,Increased risk of hemolytic anemia.,Details
121,Glucose-6-phosphate 1-dehydrogenase,Miaoli,Not Available,519C->G,ADR Inferred,Increased risk of hemolytic anemia.,Details
122,Glucose-6-phosphate 1-dehydrogenase,"Mediterranean, Dallas, Panama‚ Sassari, Cagliari, Birmingham",Not Available,563C->T,ADR Inferred,Increased risk of hemolytic anemia.,Details
123,Glucose-6-phosphate 1-dehydrogenase,Coimbra Shunde,Not Available,592C->T,ADR Inferred,Increased risk of hemolytic anemia.,Details
124,Glucose-6-phosphate 1-dehydrogenase,Nilgiri,Not Available,593G>A,ADR Inferred,Increased risk of hemolytic anemia.,Details
125,Glucose-6-phosphate 1-dehydrogenase,Radlowo,Not Available,679C->T,ADR Inferred,Increased risk of hemolytic anemia.,Details
126,Glucose-6-phosphate 1-dehydrogenase,Roubaix,Not Available,811G>C,ADR Inferred,Increased risk of hemolytic anemia.,Details
127,Glucose-6-phosphate 1-dehydrogenase,Haikou,Not Available,835A->G,ADR Inferred,Increased risk of hemolytic anemia.,Details
128,Glucose-6-phosphate 1-dehydrogenase,Chinese-1,Not Available,835A->T,ADR Inferred,Increased risk of hemolytic anemia.,Details
129,Glucose-6-phosphate 1-dehydrogenase,Mizushima,Not Available,848A>G,ADR Inferred,Increased risk of hemolytic anemia.,Details
130,Glucose-6-phosphate 1-dehydrogenase,Osaka,Not Available,853C->T,ADR Inferred,Increased risk of hemolytic anemia.,Details
131,Glucose-6-phosphate 1-dehydrogenase,"Viangchan, Jammu",Not Available,871G->A,ADR Inferred,Increased risk of hemolytic anemia.,Details
132,Glucose-6-phosphate 1-dehydrogenase,Seoul,Not Available,916G->A,ADR Inferred,Increased risk of hemolytic anemia.,Details
133,Glucose-6-phosphate 1-dehydrogenase,Ludhiana,Not Available,929G->A,ADR Inferred,Increased risk of hemolytic anemia.,Details
134,Glucose-6-phosphate 1-dehydrogenase,Farroupilha,Not Available,977C->A,ADR Inferred,Increased risk of hemolytic anemia.,Details
135,Glucose-6-phosphate 1-dehydrogenase,Chinese-5,Not Available,1024C->T,ADR Inferred,Increased risk of hemolytic anemia.,Details
136,Glucose-6-phosphate 1-dehydrogenase,Rignano,Not Available,130G>A,ADR Inferred,Increased risk of hemolytic anemia.,Details
137,Glucose-6-phosphate 1-dehydrogenase,Orissa,Not Available,131C->G,ADR Inferred,Increased risk of hemolytic anemia.,Details
138,Glucose-6-phosphate 1-dehydrogenase,G6PDNice,Not Available,1380G>C,ADR Inferred,Increased risk of hemolytic anemia.,Details
139,Glucose-6-phosphate 1-dehydrogenase,"Kamiube, Keelung",Not Available,1387C->T,ADR Inferred,Increased risk of hemolytic anemia.,Details
140,Glucose-6-phosphate 1-dehydrogenase,Neapolis,Not Available,1400C->G,ADR Inferred,Increased risk of hemolytic anemia.,Details
141,Glucose-6-phosphate 1-dehydrogenase,Aures,Not Available,143T->C,ADR Inferred,Increased risk of hemolytic anemia.,Details
142,Glucose-6-phosphate 1-dehydrogenase,Split,Not Available,1442C->G,ADR Inferred,Increased risk of hemolytic anemia.,Details
143,Glucose-6-phosphate 1-dehydrogenase,Kambos,Not Available,148C->T,ADR Inferred,Increased risk of hemolytic anemia.,Details
144,Glucose-6-phosphate 1-dehydrogenase,Palestrina,Not Available,170G>A,ADR Inferred,Increased risk of hemolytic anemia.,Details
145,Glucose-6-phosphate 1-dehydrogenase,Metaponto,Not Available,172G->A,ADR Inferred,Increased risk of hemolytic anemia.,Details
146,Glucose-6-phosphate 1-dehydrogenase,Musashino,Not Available,185C->T,ADR Inferred,Increased risk of hemolytic anemia.,Details
147,Glucose-6-phosphate 1-dehydrogenase,Asahi,Not Available,202G->A,ADR Inferred,Increased risk of hemolytic anemia.,Details
148,Glucose-6-phosphate 1-dehydrogenase,"A- (202), Ferrara I",Not Available,202G->A / 376A->G,ADR Inferred,Increased risk of hemolytic anemia.,Details
149,Glucose-6-phosphate 1-dehydrogenase,Murcia Oristano,Not Available,209A->G,ADR Inferred,Increased risk of hemolytic anemia.,Details
150,Glucose-6-phosphate 1-dehydrogenase,Ube Konan,Not Available,241C->T,ADR Inferred,Increased risk of hemolytic anemia.,Details
151,Glucose-6-phosphate 1-dehydrogenase,Lagosanto,Not Available,242G->A,ADR Inferred,Increased risk of hemolytic anemia.,Details
152,Glucose-6-phosphate 1-dehydrogenase,Guangzhou,Not Available,274C->T,ADR Inferred,Increased risk of hemolytic anemia.,Details
153,Glucose-6-phosphate 1-dehydrogenase,Hammersmith,Not Available,323T->A,ADR Inferred,Increased risk of hemolytic anemia.,Details
154,Glucose-6-phosphate 1-dehydrogenase,Sinnai,Not Available,34G->T,ADR Inferred,Increased risk of hemolytic anemia.,Details
155,Glucose-6-phosphate 1-dehydrogenase,A- (680),Not Available,376A->G / 680G->T,ADR Inferred,Increased risk of hemolytic anemia.,Details
156,Glucose-6-phosphate 1-dehydrogenase,"A- (968), Betica,Selma, Guantanamo",Not Available,376A->G / 968T->C,ADR Inferred,Increased risk of hemolytic anemia.,Details
157,Glucose-6-phosphate 1-dehydrogenase,Salerno Pyrgos,Not Available,383T>G,ADR Inferred,Increased risk of hemolytic anemia.,Details
158,Glucose-6-phosphate 1-dehydrogenase,Quing Yan,Not Available,392G->T,ADR Inferred,Increased risk of hemolytic anemia.,Details
159,Glucose-6-phosphate 1-dehydrogenase,Lages,Not Available,40G->A,ADR Inferred,Increased risk of hemolytic anemia.,Details
160,Glucose-6-phosphate 1-dehydrogenase,Ilesha,Not Available,466G->A,ADR Inferred,Increased risk of hemolytic anemia.,Details
161,Glucose-6-phosphate 1-dehydrogenase,Mahidol,Not Available,487G->A,ADR Inferred,Increased risk of hemolytic anemia.,Details
162,Glucose-6-phosphate 1-dehydrogenase,Malaga,Not Available,542A->T,ADR Inferred,Increased risk of hemolytic anemia.,Details
163,Glucose-6-phosphate 1-dehydrogenase,Sibari,Not Available,634A->G,ADR Inferred,Increased risk of hemolytic anemia.,Details
164,Glucose-6-phosphate 1-dehydrogenase,Mexico City,Not Available,680G->A,ADR Inferred,Increased risk of hemolytic anemia.,Details
165,Glucose-6-phosphate 1-dehydrogenase,Nanning,Not Available,703C->T,ADR Inferred,Increased risk of hemolytic anemia.,Details
166,Glucose-6-phosphate 1-dehydrogenase,"Seattle, Lodi, Modena, Ferrara II, Athens-like",Not Available,844G->C,ADR Inferred,Increased risk of hemolytic anemia.,Details
167,Glucose-6-phosphate 1-dehydrogenase,Bajo Maumere,Not Available,844G->T,ADR Inferred,Increased risk of hemolytic anemia.,Details
168,Glucose-6-phosphate 1-dehydrogenase,Montalbano,Not Available,854G->A,ADR Inferred,Increased risk of hemolytic anemia.,Details
169,Glucose-6-phosphate 1-dehydrogenase,"Kalyan-Kerala, Jamnaga, Rohini",Not Available,949G->A,ADR Inferred,Increased risk of hemolytic anemia.,Details
170,Glucose-6-phosphate 1-dehydrogenase,Gaohe,Not Available,95A->G,ADR Inferred,Increased risk of hemolytic anemia.,Details
